<?xml version="1.0" encoding="UTF-8"?>
<project-private xmlns="http://www.netbeans.org/ns/project-private/1">
    <editor-bookmarks xmlns="http://www.netbeans.org/ns/editor-bookmarks/2" lastBookmarkId="0"/>
    <open-files xmlns="http://www.netbeans.org/ns/projectui-open-files/2">
        <group>
            <file>file:/C:/Users/goody/OneDrive%20-%20Telkom%20University/Documents/NetBeansProjects/CEPETDONG/src/Views/LoginViewAdmin.java</file>
            <file>file:/C:/Users/goody/OneDrive%20-%20Telkom%20University/Documents/NetBeansProjects/CEPETDONG/src/Views/LoginViewPengirim.java</file>
            <file>file:/C:/Users/goody/OneDrive%20-%20Telkom%20University/Documents/NetBeansProjects/CEPETDONG/src/Views/PengirimView.java</file>
            <file>file:/C:/Users/goody/OneDrive%20-%20Telkom%20University/Documents/NetBeansProjects/CEPETDONG/src/Controllers/AdminController.java</file>
            <file>file:/C:/Users/goody/OneDrive%20-%20Telkom%20University/Documents/NetBeansProjects/CEPETDONG/src/Views/AdminView.java</file>
            <file>file:/C:/Users/goody/OneDrive%20-%20Telkom%20University/Documents/NetBeansProjects/CEPETDONG/src/Views/KurirView.java</file>
            <file>file:/C:/Users/goody/OneDrive%20-%20Telkom%20University/Documents/NetBeansProjects/CEPETDONG/src/Views/RegisterViewAdmin.java</file>
            <file>file:/C:/Users/goody/OneDrive%20-%20Telkom%20University/Documents/NetBeansProjects/CEPETDONG/src/Views/landingView.java</file>
            <file>file:/C:/Users/goody/OneDrive%20-%20Telkom%20University/Documents/NetBeansProjects/CEPETDONG/src/Views/LoginViewKurir.java</file>
            <file>file:/C:/Users/goody/OneDrive%20-%20Telkom%20University/Documents/NetBeansProjects/CEPETDONG/src/Views/RegisterViewPengirim.java</file>
            <file>file:/C:/Users/goody/OneDrive%20-%20Telkom%20University/Documents/NetBeansProjects/CEPETDONG/src/Views/RegisterViewKurir.java</file>
        </group>
    </open-files>
</project-private>
